Randstad MENA,"python  ,  c    ,  oracle  ,  database",https://www.timesjobs.com/job-detail/python-testing-randstad-mena-bengaluru-bangalore-0-to-3-yrs-jobid-eOL1rxDnGktzpSvf__PLUS__uAgZw==&source=srp,05/08/2021,Posted few days ago
Pure Tech Codex Private Limited,"rest  ,  python  ,  database  ,  django  ,  debugging  ,  mongodb",https://www.timesjobs.com/job-detail/python-pure-tech-codex-private-limited-pune-2-to-3-yrs-jobid-OHwfF0d6EhNzpSvf__PLUS__uAgZw==&source=srp,05/08/2021,Posted few days ago
Surya Informatics Solutions Pvt. Ltd.,"python  ,  web technologies  ,  linux  ,  mobile  ,  mysql  ,  angularjs  ,  javascript",https://www.timesjobs.com/job-detail/python-surya-informatics-solutions-pvt-ltd-chennai-0-to-3-yrs-jobid-UVlLes58wutzpSvf__PLUS__uAgZw==&source=srp,05/08/2021,Posted few days ago
Gemini Solutions,"python  ,  mobile  ,  svn  ,  nosql  ,  python scripting  ,  git  ,  api  ,  sql database",https://www.timesjobs.com/job-detail/qa-python-python-sdet-gemini-solutions-gurgaon-4-to-7-yrs-jobid-eGMLzwOk2QlzpSvf__PLUS__uAgZw==&source=srp,05/08/2021,Posted few days ago
"Jobz Unlimited
     (More Jobs)","Qlik  ,  Python  ,  QlikSense  ,  QlikView  ,  R   ,  Python   ,  Python script  ,  Qlikview Script",https://www.timesjobs.com/job-detail/qlik-python-ai-tech-organization-mumbai-thane-2-to-5-yrs-jobid-2MsNaGO0pPFzpSvf__PLUS__uAgZw==&source=srp,05/08/2021,Posted few days ago
Visionpix Technologies LLP,"python  ,  oops  ,  technical skills  ,",https://www.timesjobs.com/job-detail/python-developer-visionpix-technologies-llp-bengaluru-bangalore-4-to-10-yrs-jobid-EAoyvX9td4pzpSvf__PLUS__uAgZw==&source=srp,05/08/2021,Posted few days ago
Randstad MENA,"python  ,  java  ,  technical skills",https://www.timesjobs.com/job-detail/python-developer-randstad-mena-chennai-0-to-3-yrs-jobid-YEI__SLASH__KaKJCrRzpSvf__PLUS__uAgZw==&source=srp,05/08/2021,Posted few days ago
TandA HR Solutions,"python  ,  git  ,  django",https://www.timesjobs.com/job-detail/python-developers-tanda-hr-solutions-chandigarh-2-to-5-yrs-jobid-OtVSvO0kmYNzpSvf__PLUS__uAgZw==&source=srp,05/08/2021,Posted few days ago
Randstad MENA,"python  ,  c    ,  oracle  ,  database",https://www.timesjobs.com/job-detail/python-testing-randstad-mena-bengaluru-bangalore-0-to-3-yrs-jobid-eOL1rxDnGktzpSvf__PLUS__uAgZw==&source=srp,05/08/2021,Posted few days ago
Pure Tech Codex Private Limited,"rest  ,  python  ,  database  ,  django  ,  debugging  ,  mongodb",https://www.timesjobs.com/job-detail/python-pure-tech-codex-private-limited-pune-2-to-3-yrs-jobid-OHwfF0d6EhNzpSvf__PLUS__uAgZw==&source=srp,05/08/2021,Posted few days ago
Surya Informatics Solutions Pvt. Ltd.,"python  ,  web technologies  ,  linux  ,  mobile  ,  mysql  ,  angularjs  ,  javascript",https://www.timesjobs.com/job-detail/python-surya-informatics-solutions-pvt-ltd-chennai-0-to-3-yrs-jobid-UVlLes58wutzpSvf__PLUS__uAgZw==&source=srp,05/08/2021,Posted few days ago
Gemini Solutions,"python  ,  mobile  ,  svn  ,  nosql  ,  python scripting  ,  git  ,  api  ,  sql database",https://www.timesjobs.com/job-detail/qa-python-python-sdet-gemini-solutions-gurgaon-4-to-7-yrs-jobid-eGMLzwOk2QlzpSvf__PLUS__uAgZw==&source=srp,05/08/2021,Posted few days ago
"Jobz Unlimited
     (More Jobs)","Qlik  ,  Python  ,  QlikSense  ,  QlikView  ,  R   ,  Python   ,  Python script  ,  Qlikview Script",https://www.timesjobs.com/job-detail/qlik-python-ai-tech-organization-mumbai-thane-2-to-5-yrs-jobid-2MsNaGO0pPFzpSvf__PLUS__uAgZw==&source=srp,05/08/2021,Posted few days ago
Visionpix Technologies LLP,"python  ,  oops  ,  technical skills  ,",https://www.timesjobs.com/job-detail/python-developer-visionpix-technologies-llp-bengaluru-bangalore-4-to-10-yrs-jobid-EAoyvX9td4pzpSvf__PLUS__uAgZw==&source=srp,05/08/2021,Posted few days ago
Randstad MENA,"python  ,  java  ,  technical skills",https://www.timesjobs.com/job-detail/python-developer-randstad-mena-chennai-0-to-3-yrs-jobid-YEI__SLASH__KaKJCrRzpSvf__PLUS__uAgZw==&source=srp,05/08/2021,Posted few days ago
TandA HR Solutions,"python  ,  git  ,  django",https://www.timesjobs.com/job-detail/python-developers-tanda-hr-solutions-chandigarh-2-to-5-yrs-jobid-OtVSvO0kmYNzpSvf__PLUS__uAgZw==&source=srp,05/08/2021,Posted few days ago
Randstad MENA,"python  ,  c    ,  oracle  ,  database",https://www.timesjobs.com/job-detail/python-testing-randstad-mena-bengaluru-bangalore-0-to-3-yrs-jobid-eOL1rxDnGktzpSvf__PLUS__uAgZw==&source=srp,05/08/2021,Posted few days ago
Pure Tech Codex Private Limited,"rest  ,  python  ,  database  ,  django  ,  debugging  ,  mongodb",https://www.timesjobs.com/job-detail/python-pure-tech-codex-private-limited-pune-2-to-3-yrs-jobid-OHwfF0d6EhNzpSvf__PLUS__uAgZw==&source=srp,05/08/2021,Posted few days ago
Surya Informatics Solutions Pvt. Ltd.,"python  ,  web technologies  ,  linux  ,  mobile  ,  mysql  ,  angularjs  ,  javascript",https://www.timesjobs.com/job-detail/python-surya-informatics-solutions-pvt-ltd-chennai-0-to-3-yrs-jobid-UVlLes58wutzpSvf__PLUS__uAgZw==&source=srp,05/08/2021,Posted few days ago
Gemini Solutions,"python  ,  mobile  ,  svn  ,  nosql  ,  python scripting  ,  git  ,  api  ,  sql database",https://www.timesjobs.com/job-detail/qa-python-python-sdet-gemini-solutions-gurgaon-4-to-7-yrs-jobid-eGMLzwOk2QlzpSvf__PLUS__uAgZw==&source=srp,05/08/2021,Posted few days ago
"Jobz Unlimited
     (More Jobs)","Qlik  ,  Python  ,  QlikSense  ,  QlikView  ,  R   ,  Python   ,  Python script  ,  Qlikview Script",https://www.timesjobs.com/job-detail/qlik-python-ai-tech-organization-mumbai-thane-2-to-5-yrs-jobid-2MsNaGO0pPFzpSvf__PLUS__uAgZw==&source=srp,05/08/2021,Posted few days ago
Visionpix Technologies LLP,"python  ,  oops  ,  technical skills  ,",https://www.timesjobs.com/job-detail/python-developer-visionpix-technologies-llp-bengaluru-bangalore-4-to-10-yrs-jobid-EAoyvX9td4pzpSvf__PLUS__uAgZw==&source=srp,05/08/2021,Posted few days ago
Randstad MENA,"python  ,  java  ,  technical skills",https://www.timesjobs.com/job-detail/python-developer-randstad-mena-chennai-0-to-3-yrs-jobid-YEI__SLASH__KaKJCrRzpSvf__PLUS__uAgZw==&source=srp,05/08/2021,Posted few days ago
TandA HR Solutions,"python  ,  git  ,  django",https://www.timesjobs.com/job-detail/python-developers-tanda-hr-solutions-chandigarh-2-to-5-yrs-jobid-OtVSvO0kmYNzpSvf__PLUS__uAgZw==&source=srp,05/08/2021,Posted few days ago
Randstad MENA,"python  ,  c    ,  oracle  ,  database",https://www.timesjobs.com/job-detail/python-testing-randstad-mena-bengaluru-bangalore-0-to-3-yrs-jobid-eOL1rxDnGktzpSvf__PLUS__uAgZw==&source=srp,05/08/2021,Posted few days ago
Pure Tech Codex Private Limited,"rest  ,  python  ,  database  ,  django  ,  debugging  ,  mongodb",https://www.timesjobs.com/job-detail/python-pure-tech-codex-private-limited-pune-2-to-3-yrs-jobid-OHwfF0d6EhNzpSvf__PLUS__uAgZw==&source=srp,05/08/2021,Posted few days ago
Surya Informatics Solutions Pvt. Ltd.,"python  ,  web technologies  ,  linux  ,  mobile  ,  mysql  ,  angularjs  ,  javascript",https://www.timesjobs.com/job-detail/python-surya-informatics-solutions-pvt-ltd-chennai-0-to-3-yrs-jobid-UVlLes58wutzpSvf__PLUS__uAgZw==&source=srp,05/08/2021,Posted few days ago
Gemini Solutions,"python  ,  mobile  ,  svn  ,  nosql  ,  python scripting  ,  git  ,  api  ,  sql database",https://www.timesjobs.com/job-detail/qa-python-python-sdet-gemini-solutions-gurgaon-4-to-7-yrs-jobid-eGMLzwOk2QlzpSvf__PLUS__uAgZw==&source=srp,05/08/2021,Posted few days ago
"Jobz Unlimited
     (More Jobs)","Qlik  ,  Python  ,  QlikSense  ,  QlikView  ,  R   ,  Python   ,  Python script  ,  Qlikview Script",https://www.timesjobs.com/job-detail/qlik-python-ai-tech-organization-mumbai-thane-2-to-5-yrs-jobid-2MsNaGO0pPFzpSvf__PLUS__uAgZw==&source=srp,05/08/2021,Posted few days ago
Visionpix Technologies LLP,"python  ,  oops  ,  technical skills  ,",https://www.timesjobs.com/job-detail/python-developer-visionpix-technologies-llp-bengaluru-bangalore-4-to-10-yrs-jobid-EAoyvX9td4pzpSvf__PLUS__uAgZw==&source=srp,05/08/2021,Posted few days ago
Randstad MENA,"python  ,  java  ,  technical skills",https://www.timesjobs.com/job-detail/python-developer-randstad-mena-chennai-0-to-3-yrs-jobid-YEI__SLASH__KaKJCrRzpSvf__PLUS__uAgZw==&source=srp,05/08/2021,Posted few days ago
TandA HR Solutions,"python  ,  git  ,  django",https://www.timesjobs.com/job-detail/python-developers-tanda-hr-solutions-chandigarh-2-to-5-yrs-jobid-OtVSvO0kmYNzpSvf__PLUS__uAgZw==&source=srp,05/08/2021,Posted few days ago
Randstad MENA,"python  ,  c    ,  oracle  ,  database",https://www.timesjobs.com/job-detail/python-testing-randstad-mena-bengaluru-bangalore-0-to-3-yrs-jobid-eOL1rxDnGktzpSvf__PLUS__uAgZw==&source=srp,05/08/2021,Posted few days ago
